<?xml version="1.0" encoding="UTF-8" standalone="yes"?>
<addon id="repository.plugin.video.crunchyroll" name="Crunchyroll Beta Repository" version="0.0.1" provider-name="rjousse18">
    <extension point="xbmc.addon.repository" name="Example Repository">
        <dir>
            <info compressed="false">https://raw.githubusercontent.com/rjousse18/crunchyroll-repository/master/repo/zips/addons.xml</info>
            <checksum>https://raw.githubusercontent.com/rjousse18/crunchyroll-repository/master/repo/zips/addons.xml.md5</checksum>
            <datadir zip="true">https://raw.githubusercontent.com/rjousse18/crunchyroll-repository/master/repo/zips/</datadir>
        </dir>
        <dir minversion="19.0.0" maxversion="19.5.0">
            <info compressed="false">https://raw.githubusercontent.com/rjousse18/crunchyroll-repository/master/matrix/zips/addons.xml</info>
            <checksum>https://raw.githubusercontent.com/rjousse18/crunchyroll-repository/master/matrix/zips/addons.xml.md5</checksum>
            <datadir zip="true">https://raw.githubusercontent.com/rjousse18/crunchyroll-repository/master/matrix/zips/</datadir>
        </dir>
        <dir minversion="20.0.0">
            <info compressed="false">https://raw.githubusercontent.com/rjousse18/crunchyroll-repository/master/nexus/zips/addons.xml</info>
            <checksum>https://raw.githubusercontent.com/rjousse18/crunchyroll-repository/master/nexus/zips/addons.xml.md5</checksum>
            <datadir zip="true">https://raw.githubusercontent.com/rjousse18/crunchyroll-repository/master/nexus/zips/</datadir>
        </dir>
    </extension>
    <extension point="xbmc.addon.metadata">
        <summary>Crunchyroll Beta Repository</summary>
        <description>Repository for smirgol's crunchyroll</description>
        <disclaimer></disclaimer>
        <platform>all</platform>
        <assets>
            <icon>icon.png</icon>
            <fanart>fanart.jpg</fanart>
        </assets>
    </extension>
</addon>